{
    "no_seed": {
        "sectors": {
            "Towards law enforcement": {
                "precision": 0.07142857142857142,
                "recall": 0.09375,
                "f1-score": 0.08108108108108107,
                "support": 32.0
            },
            "Accusations": {
                "precision": 0.0975609756097561,
                "recall": 0.12903225806451613,
                "f1-score": 0.1111111111111111,
                "support": 31.0
            },
            "Promoting violence": {
                "precision": 0.10666666666666667,
                "recall": 0.13114754098360656,
                "f1-score": 0.11764705882352942,
                "support": 61.0
            },
            "Towards AJ+": {
                "precision": 0.21875,
                "recall": 0.18421052631578946,
                "f1-score": 0.19999999999999998,
                "support": 38.0
            },
            "Media": {
                "precision": 0.0,
                "recall": 0.0,
                "f1-score": 0.0,
                "support": 4.0
            },
            "Specific nation(s)": {
                "precision": 0.16666666666666666,
                "recall": 0.2127659574468085,
                "f1-score": 0.18691588785046728,
                "support": 47.0
            },
            "Towards Jews/Judaism": {
                "precision": 0.07142857142857142,
                "recall": 0.2,
                "f1-score": 0.10526315789473682,
                "support": 5.0
            },
            "Towards Islam": {
                "precision": 0.17777777777777778,
                "recall": 0.2857142857142857,
                "f1-score": 0.2191780821917808,
                "support": 28.0
            },
            "Swearing": {
                "precision": 0.09230769230769231,
                "recall": 0.14285714285714285,
                "f1-score": 0.11214953271028037,
                "support": 42.0
            },
            "Corporations": {
                "precision": 0.1875,
                "recall": 0.25,
                "f1-score": 0.21428571428571427,
                "support": 12.0
            },
            "Xenophobia": {
                "precision": 0.023809523809523808,
                "recall": 0.045454545454545456,
                "f1-score": 0.03125,
                "support": 22.0
            },
            "Religion": {
                "precision": 0.0,
                "recall": 0.0,
                "f1-score": 0.0,
                "support": 4.0
            },
            "Humiliation": {
                "precision": 0.18421052631578946,
                "recall": 0.18421052631578946,
                "f1-score": 0.18421052631578946,
                "support": 38.0
            },
            "Politics": {
                "precision": 0.07575757575757576,
                "recall": 0.2,
                "f1-score": 0.10989010989010989,
                "support": 25.0
            },
            "Terrorism": {
                "precision": 0.009009009009009009,
                "recall": 0.07692307692307693,
                "f1-score": 0.016129032258064516,
                "support": 13.0
            },
            "Towards wealthy people": {
                "precision": 0.03571428571428571,
                "recall": 0.05555555555555555,
                "f1-score": 0.043478260869565216,
                "support": 18.0
            },
            "Humanity": {
                "precision": 0.0,
                "recall": 0.0,
                "f1-score": 0.0,
                "support": 8.0
            },
            "Behavior": {
                "precision": 0.21052631578947367,
                "recall": 0.26666666666666666,
                "f1-score": 0.23529411764705882,
                "support": 30.0
            },
            "Racist towards black": {
                "precision": 0.0,
                "recall": 0.0,
                "f1-score": 0.0,
                "support": 3.0
            },
            "Specific person": {
                "precision": 0.1875,
                "recall": 0.075,
                "f1-score": 0.10714285714285712,
                "support": 40.0
            },
            "Racist towards white": {
                "precision": 0.05405405405405406,
                "recall": 0.3333333333333333,
                "f1-score": 0.09302325581395349,
                "support": 6.0
            },
            "Neutral": {
                "precision": 0.5454545454545454,
                "recall": 0.1271186440677966,
                "f1-score": 0.20618556701030927,
                "support": 236.0
            },
            "micro avg": {
                "precision": 0.12258796821793416,
                "recall": 0.14535666218034993,
                "f1-score": 0.13300492610837436,
                "support": 743.0
            },
            "macro avg": {
                "precision": 0.11436921626317997,
                "recall": 0.1360790936226779,
                "f1-score": 0.1079197887680186,
                "support": 743.0
            },
            "weighted avg": {
                "precision": 0.25904381957532285,
                "recall": 0.14535666218034993,
                "f1-score": 0.15549808535538723,
                "support": 743.0
            },
            "samples avg": {
                "precision": 0.14058752997601917,
                "recall": 0.15077937649880094,
                "f1-score": 0.14058752997601917,
                "support": 743.0
            }
        },
        "jaccard_micro": 0.0712401055408971,
        "jaccard_macro": 0.058876982612825875,
        "jaccard_weighted": 0.08554701905448236,
        "jaccard_samples": 0.12401079136690646,
        "avg_n_predicted": 